"# of Use","# Usado"
"%1$s incl tax.","%1$s com imposto."
"%s - %s","%s - %s"
"%s Item(s)","%s Item(ns)"
"%s and above","%s e superior"
"%s-%s of %s","%s-%s de %s"
"(%d)","(%d)"
"(Copy data from: %s)","(Copiar dados de: %s)"
"* Required Fields","* Campos obrigatórios"
"-- Please Select --","-- Por Favor Selecione --"
"86400 by default, if not set. To refresh instantly, Clear the Blocks HTML Output Cache.","86400 por omissão. Para atualização instantanea, limpe o cache de saída dos Blocos HTML."
"<strong style=""color:red"">Warning!</strong> Applying MAP by default will hide all product prices on the frontend.","<strong style=""color:red"">Atenção!</strong>Aplicar MAP por omissão vai ocultar todos os preços de produtos na loja online."
"A group with the same name already exists.","Já existe um grupo com o mesmo nome."
"A name is required","Um nome é necessário"
"A product type is not defined for the indexer.","Um tipo de produto não está definido para o indexante."
"ALL GROUPS","TODOS OS GRUPOS"
"AM","AM"
"Action","Ação"
"Actual Price","Preço Atual"
"Add","Adicionar"
"Add Attribute","Adicionar Atributo"
"Add Design Change","Adicionar alteração ao Desenho"
"Add Group","Adicionar Grupo"
"Add Group Price","Adicionar Preço a Grupo"
"Add New","Adicionar Novo"
"Add New Attribute","Adicionar novo atributo"
"Add New Attribute Set","Adicionar novo grupo de atributos"
"Add New Group","Adicionar novo grupo"
"Add New Images","Adicionar Novas Imagens"
"Add New Option","Adicionar Nova Opção"
"Add New Row","Adicionar Novo Registo"
"Add New Search Term","Adicionar Termo de Pesquisa"
"Add New Set","Adicionar novo grupo"
"Add Product","Adicionar Produto"
"Add Product To Websites","Adicionar Produto a Sites"
"Add Root Category","Adicionar Categoria Principal"
"Add Subcategory","Adicionar subcategoria"
"Add Tax","Adicionar Imposto"
"Add Tier","Adicionar desconto quantidade"
"Add attribute into attribute set","Adicionar atributo ao grupo de atributos"
"Add group into attribute set","Adicionar grupo ao grupo de atributos"
"Add new custom option into product","Adicionar nova opção personalizada ao produto"
"Add new values into custom option","Adicionar novos valores na opção personalizada"
"Add option","Adicionar Opção"
"Add to Cart","Adicionar ao Carrinho"
"Add to Compare","Adicionar para Comparar"
"Add to Wishlist","Adicionar aos Favoritos"
"Additional Information","Características do Produto"
"Alert Urls","Urls de Notificação"
"All","Todos"
"All Product Types","Todos os Tipos de Produtos"
"All Websites","Todos os Sites"
"All products","Todos os Produtos"
"All products - recently added products, New products - products marked as new","Todos os produtos - produtos recentemente adicionados, Novos produtos - produtos marcados como novidade"
"All products of this set will be deleted! Are you sure you want to delete this attribute set?","Todos os produtos deste grupo serão removidos! Tem a certeza que deseja remover este grupo de atributos?"
"Allow All Products per Page","Permitir Todos os Produtos Numa Página"
"Allow Dynamic Media URLs in Products and Categories","Permitir URL's Dinâmicos para Média nos Produtos e Categorias"
"Allow HTML Tags on Frontend","Permitir Tags HTML na Loja"
"Allowed File Extensions","Extensões de ficheiros permitidas"
"Allowed file extensions to upload","Extensões de ficheiros permitidas para Carregamento"
"An error occurred while adding products to websites.","Ocorreu um erro ao adicionar produtos a sites."
"An error occurred while clearing comparison list.","Ocorreu um erro ao limpar a lista de comparação."
"An error occurred while deleting this review.","Ocorreu um erro ao remover a análise."
"An error occurred while removing products from websites.","Ocorreu um erro ao remover produtos de sites."
"An error occurred while saving the URL rewrite","Ocorreu um erro ao guardar a rescrita de URL"
"An error occurred while saving the attribute set.","Ocorreu um erro ao guardar o grupo de atributos."
"An error occurred while saving the collection, aborting. Error message: %s","Ocorreu um erro ao guardar a coleção, cancelando. Mensagem de erro: %s"
"An error occurred while saving the product. ","Ocorreu um erro ao guardar o produto "
"An error occurred while saving the search query.","Ocorreu um erro ao guardar a pesquisa."
"An error occurred while saving this group.","Ocorreu um erro ao guardar o grupo."
"An error occurred while saving this review.","Ocorreu um erro ao guardar a análise."
"An error occurred while trying to delete the category.","Ocorreu um erro ao tentar remover a categoria."
"An error occurred while updating the product(s) attributes.","Ocorreu um erro ao tentar atualizar os atributos do(s) produto(s)"
"An error occurred while updating the product(s) status.","Ocorreu um erro ao atualizar o estado do(s) produto(s)."
"An invalid group ID is specified, skipping the record.","Id de grup inválido, a ignorar registo."
"An invalid option ID is specified for %s (%s), skipping the record.","Foi especificada um valor de opção inválida para %s (%s), ignorando o registo."
"An invalid store was specified.","Foi especifica uma loja inválida"
"Anchor Custom Text","Texto Personalizado da Âncora"
"Anchor Custom Title","Título Personalizado da Âncora"
"Applicable to catalog products and categories only. Any media content will be inserted into editor as a static URL. It is not updated if the system configuration base URL changes.","Apenas aplicável aos produtos e categorias. Qualquer média será inserido no editor como ligação estática. Não será alterada se a URL base do sistema for alterada."
"Apply MAP (Default Value)","Aplicar PMA (Valor por Omissão)"
"Apply To","Aplicar a"
"Approved","Aprovado"
"Are you sure you want to delete this category?","Tem a certeza que deseja remover esta categoria?"
"Are you sure you would like to remove all products from your comparison?","Tem a certeza que deseja remover todos os produtos para comparação?"
"Are you sure you would like to remove this item from the compare products?","Tem a certeza que deseja remover este item da sua lista de comparação?"
"Are you sure?","Tem a certeza?"
"As low as:","A partir de:"
"Assign","Associar"
"Assign product link","Associar link do produto"
"Assign product to category","Associar produto a categoria"
"Assigned Products","Produtos Associados"
"Associated Products","Produtos Associados"
"Attrib. Set Name","Nome Grupo Atr."
"Attribute ""%s"" is invalid.","O atributo ""%s"" é inválido."
"Attribute ""%s"" is required.","O atributo ""%s"" é obrigatório."
"Attribute Information","Informação do atributo"
"Attribute Model","Modelo de Atributo"
"Attribute Name:","Nome do Atributo:"
"Attribute Set","Grupo de Atributos"
"Attribute Sets","Grupo de Atributos"
"Attribute add","Adicionar atributo"
"Attribute code is invalid. Please use only letters (a-z), numbers (0-9) or underscore(_) in this field, first character should be a letter.","Código Atributo inválido. Por favor utilize apenas letras (a-z), números (0-9)  ou sublinhado (_) neste campo. O primeiro carácter deve ser uma letra."
"Attribute group with the \/name/\"" name already exists""","Já existe um grupo de atributos com o mesmo nome"
"Attribute remove","Remover atributo"
"Attribute with the same code already exists","Já existe um atributo com o mesmo código"
"Attributes","Atributos"
"Attrribute names can be specified per store.","Nomes de atributos podem ser especificados por loja."
"Autogenerate","Gerar automaticamente"
"Availability:","Disponibilidade:"
"Back","Voltar"
"Backend Model","Modelo Administrativo"
"Backend Table","Tabela administrativa"
"Backend Table Title","Título da Tabela Administrativa"
"Backorders","Encomendas em produção"
"Base Image Width","Largura Imagem Base"
"Based On","Baseado em"
"Before Order Confirmation","Antes de Confirmação Encomenda"
"Best Value","Melhor valor"
"Block after Info Column","Bloco após a Coluna Info"
"Bottom Block Options Wrapper","Opções Invólucro para o Bloco Inferior"
"Bottom/Left","Inferior/esquerdo"
"Bottom/Right","Inferior/direito"
"Browse By","Navegar Por"
"Bundle Items","Pacote de Produtos"
"Buy %1$s","Compre %1$s"
"Buy %1$s for","Compre %1$s por"
"Buy %1$s for %2$s","Compre %1$s por %2$s"
"Buy %1$s for %2$s (%3$s incl. tax) each","Compre %1$s por %2$s (%3$s inc. imposto) cada"
"Buy %1$s for %2$s each","Compre %1$s por %2$s cada"
"Cache Lifetime (Seconds)","Tempo de Vida do Cache (Segundos)"
"Cache refresh needed.","Atualização de Cache Necessária."
"Can be Divided into Multiple Boxes for Shipping","Pode ser dividido em múltiplas caixas para envio"
"Can be used only with catalog input type Dropdown","Apenas pode ser usado com o tipo de entrada Menu de Seleção no Catálogo"
"Can be used only with catalog input type Dropdown, Multiple Select and Price","Apenas pode ser usado com o tipo de entrada Menu de Seleção no Catálogo, Select múltiplo e Preço"
"Can\'t create image.","Não é possível criar a imagem"
"Cancel","Cancelar"
"Cannot create image.","Não foi possível criar a imagem."
"Cannot create writeable directory '%s'.","Não foi possível criar o diretório com permissões de escrita '%s'."
"Cart Item Attribute","Atributo item carrinho"
"Catalog","Catálogo"
"Catalog Category (Anchor)","Categoria do Catálogo (Âncora)"
"Catalog Category (Non-Anchor)","Categoria do Catálogo (Não-Âncora)"
"Catalog Category (Without Subcategories)","Catálogo Categoria (Sem Subcategorias)"
"Catalog Category Link","Ligação para Categoria do Catálogo"
"Catalog New Products List","Catálogo - Lista de Novos Produtos"
"Catalog Price Scope","Âmbito do Preço no Catálogo"
"Catalog Product Compare List","Catálogo Produto Lista de Comparação"
"Catalog Product Email to a Friend","Enviar Produto do Catálogo a um Amigo por Email"
"Catalog Product Image Gallery Popup","Catálogo Produto Janela de Visualização de Galeria"
"Catalog Product Link","Ligação para o Catálogo"
"Catalog Product View (Any)","Catálogo Produto Visualizar (Qualquer)"
"Catalog Product View (Configurable)","Catálogo Produto Visualizar (Configurável)"
"Catalog Product View (Grouped)","Catálogo Produto Visualizar (Grupo)"
"Catalog Product View (Simple)","Catálogo Produto Visualizar (Simples)"
"Catalog Product View (Virtual)","Catálogo Produto Visualizar (Virtual)"
"Catalog Section","Secção de Catálogo"
"Catalog Seo Sitemap (Category List)","Catálogo Seo Mapa Sitio (Lista Categorias)"
"Catalog Seo Sitemap (Category Tree)","Catálogo Seo Mapa Sítio (Árvore Categorias)"
"Catalog Seo Sitemap (Common)","Catálogo Seo Mapa Sítio (Comum)"
"Catalog Seo Sitemap (Product List)","Catálogo Seo Mapa Sítio (Listagem Produtos)"
"Catalog URL Rewrites","Catálogo URL Rescritas"
"Catalog product custom option values API","Valores de opções personalizadas de API para catálogo de produtos"
"Catalog product custom options API","Opções personalizadas de API para catálogo de produtos"
"Catalog, Search","Catálogo, Pesquisa"
"Categories","Categorias"
"Categories Sitemap","Mapa do Sítio das Categorias"
"Category","Categoria"
"Category API","API Categoria"
"Category Data","Dados da Categoria"
"Category Flat Data","Categoria Dados Fixos"
"Category Link Block Template","Categoria Ligação Modelo Bloco"
"Category Link Inline Template","Categoria Ligação Modelo Local"
"Category Products","Produtos na Categoria"
"Category Top Navigation","Categoria Topo de Navegação"
"Category URL Suffix","Sufixo URL da Categoria"
"Category attributes API","Atributos da categoria API"
"Category move error","Erro ao mover categoria"
"Category move error %s","Erro mover categoria: %s"
"Category move operation is not possible: parent category is equal to child category.","Não foi possível mover a categoria. A categoria superior é igual à categoria a ser movida."
"Category move operation is not possible: the current category was not found.","Não foi possível mover a categoria. A categoria atual não foi encontrada."
"Category move operation is not possible: the new parent category was not found.","Não foi possível mover a categoria. A nova categoria mãe não foi encontrada"
"Category must be an instance of Mage_Catalog_Model_Category.","A categoria tem que ser uma instância de Mage_Catalog_Model_Category."
"Center","Centro"
"Change","Alterar"
"Change or Retrieve attribute store view","Alterar ou obter atributo da vista de loja"
"Change status","Alterar Estado"
"Check items to add to the cart or","Selecione os itens para adicionar ao carrinho ou"
"Choose an Option...","Escolha uma opção..."
"Clear All","Limpar tudo"
"Clear Price","Esvaziar Preço"
"Click for price","Clique para preço"
"Close Window","Fechar janela"
"Collapse All","Fechar tudo"
"Comma-separated.","Separados por vírgula."
"Comparable","Comparável"
"Comparable on Front-end","Comparável na Loja"
"Comparable on the Frontend","Comparável na Loja"
"Compare","Compare"
"Compare Products","Comparar Produtos"
"Conditions Combination","Combinação de Condições"
"Configurable Product","Produto Configurável"
"Configurable Product Settings","Opções de produtos configuráveis"
"Configure Product","Configurar Produto"
"Continue","Continuar"
"Copy From Configurable","Copiar de Produto Configurável"
"Country/State","País/Estado"
"Create","Criar"
"Create (Upload)","Criar (carregar)"
"Create Empty","Criar Vazio"
"Create Permanent Redirect for URLs if URL Key Changed","Criar redirecionamento permanente para URL's se a chave URL se alterou"
"Create Permanent Redirect for old URL","Criar Redirecionamento para uma URL não usada"
"Create Product Settings","Opções de Criação de Produto"
"Create Simple Associated Product","Criar um Produto Associado Simples"
"Create attribute set based on another set","Criar grupo de atributos baseado num outro grupo de atributos"
"Create new attribute","Criar novo atributo"
"Create new category","Criar nova categoria"
"Create new product","Criar novo produto"
"Cross-sells","Vendas Cruzadas"
"Currently Shopping by:","Atualmente a Comprar por:"
"Custom Design","Desenho Personalizado"
"Custom Options","Opções personalizadas"
"Custom options","Opções Personalizadas"
"Customer Group","Grupo do Cliente"
"Customers Reviews","Análises dos clientes"
"Customers Tagged Product","Produtos etiquetados pelos Clientes"
"Data Type for Saving in Database","Tipo de Dados para guardar na Base de Dados"
"Date & Time Custom Options","Personalizar opções de Data/Hora"
"Date Fields Order","Ordem dos campos da data"
"Date Subscribed","Data subscrição"
"Datetime","Datahora"
"Decimal","Décimal"
"Declare attribute value saving scope","Definir o âmbito do valor a ser guardado"
"Default ""What's This"" Text Message","Texto por Omissão na Mensagem ""O que é isto?"""
"Default Popup Text Message","Mensagem de Texto por Omissão na popup"
"Default Price","Preço por Omissão"
"Default Price Navigation Step","Preço por Omissão na Navegação por Passos"
"Default Qty","Qt. por omissão"
"Default Values","Valores por Omissão"
"Defines the base currency scope (""Currency Setup"" > ""Currency Options"" > ""Base Currency"").","Define o âmbito da moeda base (""Moeda"" > ""Opções Moeda"" > ""Moeda Base"")"
"Delete","Remover"
"Delete Attribute","Remover Atributo"
"Delete Attribute Set","Remover Grupo de Atributos"
"Delete Category","Remover Categoria"
"Delete Group Price","Remove Preço Grupo"
"Delete Option","Remover Opção"
"Delete Row","Remover linha"
"Delete Search","Remover Pesquisa "
"Delete Selected Group","Remover Grupo Selecionado"
"Delete Tier","Remover Desconto Quantidade"
"Delete attribute","Remover Atributo"
"Delete category","Remover Categoria"
"Delete product","Remover produto"
"Depends on design theme","Depende do desenho do Tema"
"Description","Descrição"
"Design","Desenho"
"Details","Detalhes"
"Disabled","Inativo"
"Disallowed file type.","Tipo de ficheiro não permitido."
"Display Actual Price","Mostrar Preço Atual"
"Display Page Control","Mostrar Página Controlo"
"Display Price Interval as One Price","Mostrar Intervalo de Preço como Um Preço"
"Display Product Count","Mostrar Nº Produtos"
"Display Type","Tipo Mostragem"
"Display in Suggested Terms","Mostrar nos termos Sugeridos"
"Double click on a group to rename it","Duplo Clique num grupo para o renomear"
"Double click on above image to view full picture","Faça duplo clique na imagem para a ver na integra"
"Downloadable Information","Informação de Descarregamento"
"Duplicate","Duplicar"
"Duplicate website group price customer group.","Duplicar grupo de preços de grupo de cliente do site"
"Duplicate website tier price customer group and quantity.","Duplicar o desconto em quantidade do grupo de clientes e quantidade do site"
"Duplicate website, country and state tax found.","Foi encontrado um duplicado de Imposto para sítio, país e estado"
"E.g. {{media url=""path/to/image.jpg""}} {{skin url=""path/to/picture.gif""}}. Dynamic directives parsing impacts catalog performance.","Ex. {{media url=""caminho/para/igem.jpg""}} {{skin url=""caminho/para/figura.gif""}}. A análise de diretivas dinâmicas tem impacto na performance do catálogo."
"Edit","Editar"
"Edit Attribute Set '%s'","Editar grupo de atributos '%s'"
"Edit Product Attribute","Editar Atributo de Produto"
"Edit Product Attribute ""%s""","Editar Atributo de Produto ""%s"""
"Edit Search","Editar pesquisa "
"Edit Search '%s'","Editar Pesquisa '%s'"
"Edit Set Name","Editar Nome do Grupo"
"Email","Email"
"Email to a Friend","Enviar por email a um amigo"
"Empty","Vazio"
"Enable MAP","Ativar PMA"
"Enable Qty Increments","Ativar Múltiplos de Quantidade"
"Enable WYSIWYG","Ativar WYSIWYG"
"Enable for reindexing a big number of SKUs.","Ative para permitir reindexação de elevado número de SKUs"
"Enabled","Ativo"
"Error during retrieval of option value: %s","Erro durante a receção do valor da opção: %s"
"Exclude","Exclude"
"Expand All","Expandir tudo"
"Failed","Falhado"
"Failed to copy file %s. Please, delete media with non-existing images and try again.","Falha ao copiar o ficheiro. Por favor, remove média com imagens não existentes e tente novamente."
"Failed to move file: %s","Incapaz de mover o ficheiro: %s"
"Feature Products","Produtos em Destaque"
"Field is not complete","O campo não está completo"
"File options format is not valid.","Opções de formato do ficheiro inválida."
"File upload failed","O carregamento de ficheiro falhou"
"Filter","Filtrar"
"Filter model name must be declared.","O nome do modelo do filter tem que ser declarado."
"Filter must be an object. Please set correct filter.","O filtro tem de ser um objeto. Por favor, defina o filtro correto."
"Filterable (no results)","Filtrável (sem resultados)"
"Filterable (with results)","Pesquisável (com resultados)"
"First Name","Primeiro Nome"
"Fixed","Fixo"
"For internal use.","Para uso interno."
"For the last time placed.","Para a última realização."
"Frontend","Loja"
"Frontend Model","Modelo de Interface de Utilizador"
"Frontend Properties","Propriedades da Interface do Utilizador"
"Gallery","Galeria"
"General Information","Informação Geral"
"Get full information about attribute with list of options","Obter informação completa sobre atributos com lista de opções"
"Get full information about custom option in product","Obter informação completa sobre opções personalizadas no produto"
"Get list of available custom option types","Obter lista de tipos de opções personalizadas"
"Get list of non-default attributes by product type and attributes set","Obter lista de atributos não definidos por omissão, por tipo de produto e grupo de atributos"
"Get list of possible attribute types","Obter uma lista de possíveis tipos de atributos"
"Get special price","Obtenha preço especial"
"Global","Global"
"Globally Editable","Editável Globalmente"
"Go to Home Page","Ir para a Página Inicial"
"Grid","Grelha"
"Group add","Adicionar Grupo"
"Group remove","Remover Grupo"
"Grouped Product","Grupo de Produtos"
"Groups","Grupos"
"Home","Início"
"ID","ID"
"ID: %s","ID: %s"
"If empty, the Category Name will be used","Se vazio, será utilizado o Nome da Categoria"
"If empty, the Product Name will be used","Se o campo não estiver preenchido, será utilizado o Nome do Produto."
"If you do not specify an option value for a specific store view then the default (Admin) value will be used.","Se não definir um valor para a opção de uma loja específica o valor por omissão (Admin) será utilizado"
"Image","Imagem"
"Image content is not valid base64 data.","O Conteúdo da imagem não é base64 válido"
"Image does not exist.","A imagem não existe."
"Image file was not found.","A imagem não foi encontrada"
"Image type and information need to be specified for each store view.","O tipo de imagem e informação necessita de ser especificado para cada Vista de Loja"
"In Cart","No Carrinho"
"In Stock","Disponível"
"In stock","Disponível"
"Incl. Tax","Com Imposto"
"Index product and categories URL rewrites","Índice de rescritas de produtos e categorias"
"Index product attributes for layered navigation building","Índice de atributos de produtos para navegação por atributos a ser construído"
"Index product prices","Indexar preços dos produtos"
"Indexed category/products association","Indexado a associação categoria/produtos"
"Info","Info"
"Info Column Options Wrapper","Opções Invólucro para o Bloco Informação"
"Input Type","Tipo de Entrada"
"Integer","Inteiro"
"Interval Division Limit","Limite Intervalo de Divisão"
"Invalid Tier Prices","Descontos por quantidade inválidos"
"Invalid attribute %s","Atributo inválido %s"
"Invalid attribute option specified for attribute %s (%s), skipping the record.","Opção para o atributo especificada inválida %s (%s), ignorando o registo."
"Invalid attribute set specified, skipping the record.","Grupo de Atributos especificado inválido, a ignorar o registo."
"Invalid block: %s.","Bloco Inválido: %s."
"Invalid category IDs.","Id's de Categoria Inválidos."
"Invalid category.","Categoria inválida."
"Invalid image file type.","Tipo de imagem inválido."
"Invalid image type.","Tipo de imagem inválido."
"Invalid option ID specified for %s (%s), skipping the record.","ID opção inválida especificada %s (%s), ignorando o registo."
"Invalid product type specified, skipping the record.","Tipo de produto especificado inválido, ignorando o registo."
"Invalid store specified","Loja especificada inválida"
"Invalid store specified, skipping the record.","Loja especificada inválida, a ignorar o registo."
"Invalid tier prices. The product is not associated to the requested website.","Preços de desconto em quantidade inválidos. O produto não está associado com o site pedido."
"Inventory","Inventário"
"Is Default","É valor por omissão"
"Is Required","É obrigatório"
"Items %s to %s of %s total","Itens %s a %s de um total de %s"
"Items that you do not want to show in the catalog or search results should have status 'Disabled' in the desired store.","Itens que não deseja mostrar no catálogo ou nos resultados de pesquisa devem ser marcados com o Estado ""Inativo"" na loja pretendida."
"Items that you don't want to show in the catalog or search results should have status 'Disabled' in the desired store.","Os itens que não deseja mostrar no catálogo ou nos resultados da pesquisa devem ter o estado 'Desativado' na Loja desejada"
"Keep your eyes open for our special Back to School items and save A LOT!","Keep your eyes open for our special Back to School items and save A LOT!"
"Label","Legenda"
"Last Name","Apelido"
"Last Notification","Última Notificação"
"Layered Navigation","Navegação Por Atributos"
"Learn More","Mais informação"
"Line %d, Email: %s","Linha %s, Email: %s"
"Line %d, SKU: %s","Linha %s, SKU: %s"
"Link (Related, Up sell, Cross sell)","Link(Relacionados, Vendas Superiores, Vendas Cruzadas )"
"Link product does not exist.","Não existe link para o produto."
"Link to a Specified Category","Ligar a uma Categoria Específica"
"Link to a Specified Product","Ligar a um Produto Específico"
"List","Lista"
"List Mode","Modo Lista"
"List of Products that are set as New","Lista de Produtos marcados como Novo"
"List of types","Lista de tipos"
"Manage Attribute Sets","Gerir Grupos de Atributos"
"Manage Attributes","Gerir Atributos"
"Manage Catalog Categories","Gerir Categorias do Catálogo"
"Manage Categories","Gerir Categorias"
"Manage Label / Options","Gerir Rótulo / Opções"
"Manage Options (values of your attribute)","Gerir Opções (Valores do seu atributo)"
"Manage Product Attributes","Gerir Atributos do Produto"
"Manage Product Sets","Gerir Grupos de Atributos"
"Manage Products","Gerir Produtos"
"Manage Stock","Gerir Stock"
"Manage Titles (Size, Color, etc.)","Gerir Títulos (tamanho, cor, etc.)"
"Max Characters","Max. Caracteres"
"Maximal Depth","Profundidade máxima"
"Maximum Image Size","Tamanho máximo imagem"
"Maximum Number of Price Intervals","Número Máximo de Intervalos de Preço"
"Maximum Qty Allowed in Shopping Cart","Qt. Máxima Permitida no Carrinho de Compras"
"Maximum allowed image size for '%s' is %sx%s px.","O tamanho máximo permitido para a imagem '%s' é %sx%s px."
"Maximum image height","Altura máxima imagem"
"Maximum image width","Largura máxima imagem"
"Maximum number of characters:","Número máximo de caracteres"
"Maximum number of price intervals is 100","Número Máximo de Intervalos de Preço é 100"
"Maximum width base product image will be scaled down to in pixels","Largura máxima da imagem base produto será reduzida em pixeis "
"Maximum width small product image will be scaled down to in pixels","Largura máxima da imagem pequena produto será reduzida em pixeis "
"Media Image","Imagem Media"
"Minimum Advertised Price","Preço Mínimo Anunciado"
"Minimum Lines per Page","Número mínimo de linhas por página"
"Minimum Qty Allowed in Shopping Cart","Qt. Mínima Permitida no Carrinho de Compras"
"Minimum Qty for Item\'s Status to be Out of Stock","Qtd, mínima para o estado do item ser Indisponível"
"Missing SKU, skipping the record.","SKU não encontrado, ignorando o registo."
"More Views","outras imagens do produto"
"Move","Mover"
"Move category in tree","Mover categoria na listagem"
"Must be in the allowed values list.","Tem que estar na lista de valores permitidos."
"My Account","A Minha Conta"
"N/A","N/D"
"Name","Nome"
"Name in %s","Nome em %s"
"New Product","Novo Produto"
"New Product Attribute","Novo atributo de produto"
"New Products","Novos Produtos"
"New Products Grid Template","Modelo de Grelha de Novos Produtos"
"New Products List Template","Modelo Listagem de Novos Produtos"
"New Root Category","Nova Categoria-Principal"
"New Search","Nova pesquisa "
"New Set Name","Novo Nome Grupo"
"New Subcategory","Nova Subcategoria"
"New products","Novos produtos"
"Next","Seguinte"
"No","Não"
"No image","Sem Imagem"
"No layout updates","Sem atualizações à Apresentação"
"No options of this product are available.","Não existem opções disponíveis para este produto"
"No product collections found.","Não foram encontradas coleções de produtos."
"None","Nenhum"
"Not Visible Individually","Invisível individualmente"
"Notify Low Stock RSS","Notificação de baixa disponibilidade por RSS"
"Notify for Quantity Below","Notificar para quantidade abaixo"
"Number of Products per Page","Número de Produtos por Página"
"Number of Products to Display","Número de Produtos a Mostrar"
"Number of Uses","Número de utilizações"
"Number of results","Número de resultados"
"Number of results (For the last time placed)","Número de resultados (Para a última colocação)"
"OK","OK"
"OR","OU"
"Old Price:","Preço antigo:"
"On Gesture","Por Gesto"
"Option validation failed to add product to cart.","Falha na validação de opção ao adicionar o produto ao carrinho."
"Option values","Valores de opções"
"Option:","Opção:"
"Options","Opções"
"Options Control","Controlo de Opções"
"Options is required","Opções são obrigatórias"
"Our customer service is available 24/7. Call us at (555) 555-0123.","O nosso suporte está disponível 24/7"
"Out of Stock","Indisponível"
"Out of stock","Indisponível"
"PM","PM"
"Page Title Separator","Separador do Título da Página"
"Parent Category","Categoria Superior"
"Pending","Pendente"
"Pending Reviews RSS","Análises Pendentes RSS"
"Percentage","Percentagem"
"Please add rows to option.","Por favor adicione linhas à opção"
"Please be careful as once you click on the row it will load package data form the selected file and all unsaved form data will be lost.","Tenha atenção ao clicar na linha, já que irá carregar a informação do ficheiro selecionado e todos os dados não guardados serão perdidos"
"Please click on the Close Window button if it is not closed automatically.","Clique por favor em Fechar janela se esta não se fechar automaticamente."
"Please enter a new group name","Por favor insira um nome do grupo"
"Please refresh ""Catalog URL Rewrites"" and ""Product Attributes"" in System -&gt; <a href=""%s"">Index Management</a>","Por favor atualize ""Rescritas de URL Catálogo"" e ""Atributos de Produtos "" em Sistema > <a href=""%s"">Gestão Índice</a>"
"Please select a static block ...","Por favor selecione um bloco estático"
"Please select items.","Por favor selecione os itens."
"Please select one or more attributes.","Por favor selecione um ou mais atributos"
"Please select product(s).","Por favor selecione o(s) produto(s)"
"Please select products for attributes update","por favor selecione os produtos para atualiza de atributos"
"Please specify date required option(s).","Por favor especifique opções de data obrigatória"
"Please specify the number of products, that will not be divided into subintervals.","Por favor especifique o número de produtos, que não serão divididos em sub-intervalos."
"Please specify the product required option(s)","Por favor especifique as opções obrigatórias do produto"
"Please specify the product required option(s).","Por favor especifique a(s) opção(ões) obrigatória(s) do produto"
"Please specify the product\'s option(s).","Por favor especifique as opções do produto"
"Please specify the product\'s required option(s).","Por favor especifique as opções obrigatórias do produto"
"Please specify the quantity of product(s).","Por favor, especifique a quantidade de produtos"
"Please specify time required option(s).","Por favor especifique opções de tempo obrigatória"
"Please wait...","Por favor aguarde..."
"Position","Posição"
"Position in Layered Navigation","Posição na Navegação por Atributos"
"Position of attribute in layered navigation block","Posição do atributo no bloco da navegação por atributos"
"Prev","Ant."
"Previous","Anterior"
"Price","Preço"
"Price Navigation Step Calculation","Cálculo do Preço de Navegação por Passos"
"Price Type","Tipo Preço"
"Price is not available","Preço não disponível"
"Price values for options should be specified in system base currency.","Os valores de preços para as opções devem ser especificados em sistema moeda base"
"Price:","Preço:"
"Price: %s","Preço: %s"
"Print This Page","Imprimir esta página"
"Product","Produto"
"Product API","API Produto"
"Product Alerts","Alertas de Produto"
"Product Attribute","Atributo do Produto"
"Product Attributes","Atributos do produto"
"Product Categories","Categorias de produto"
"Product Description","Descrição do Produto"
"Product Extra Info","Informação Extra do produto"
"Product Flat Data","Dados Fixos Produto"
"Product ID","ID do Produto"
"Product Image","Imagem Produto"
"Product Image Placeholders","Sinalizadores de Imagens de Produtos"
"Product Image Watermarks","Sinalizadores de Marcadas de água de Produtos"
"Product Images","Imagens do Produto"
"Product Images API","API Imagens do Produto"
"Product In Websites","Produto nos Sites"
"Product Info Column","Coluna de Informação do Produto"
"Product Information","Informação do Produto"
"Product Link Block Template","Produto Ligação Bloco Modelo"
"Product Link Inline Template","Produto Ligação Modelo Local"
"Product Listing Sort by","Ordenar a visualização de produtos por"
"Product Name","Nome Produto"
"Product Prices","Preços dos produtos"
"Product Reviews","Análises ao Produto"
"Product Tags","Etiquetas de Produtos"
"Product Tier Price API","API Descontos em quantidade do produto"
"Product Type","Tipo de Produto"
"Product URL Suffix","Sufixo URL do produto"
"Product View Extra Hint","Produto Visualizar Sugestão Extra"
"Product attribute sets API","API do grupo de atributos do produto"
"Product attributes API","API de atributos do produto"
"Product collection expected.","Espera coleção de produto"
"Product is not loaded","O produto não está carregado"
"Product links API (related, cross sells, up sells)","API de links do produto (Relacionados, Vendas Superiores, Vendas Cruzadas )"
"Product types API","API dos tipos de produtos"
"Product with this combination of attributes already associated to configurable.","Já existe um produto com esta combinação de atributos associado a um configurável."
"Products","Produtos"
"Products Comparison List","Lista de Comparação de Produtos"
"Products Information","Informação dos Produtos"
"Products Reviews","Análises de produtos"
"Products Sitemap","Mapa do Sítio dos Produtos"
"Products only","Apenas produtos"
"Products per Page on Grid Allowed Values","Produtos por página na Grelha de valores permitidos"
"Products per Page on Grid Default Value","Produtos por página por omissão na Vista em grelha"
"Products per Page on List Allowed Values","Produtos por página na Lista de valores permitidos"
"Products per Page on List Default Value","Produtos por página por omissão em Lista"
"Properties","Propriedades"
"Qty","Qt"
"Qty Increments","Múltiplos Qt."
"Qty Uses Decimals","Qt. utiliza decimais"
"Qty for Item\'s Status to Become Out of Stock","Qtd para o item ficar Indisponível"
"Qty:","Qtd:"
"Quantity","Quantidade"
"Quick Create","Criação Rápida"
"Quick Overview","Sumário"
"Quick simple product creation","Criação rápida de um produto simples"
"Records for ""%s"" store found.","Registos para ""%s"" encontrados"
"Redirect","Redirecionar"
"Redirect URL","URL de redirecionamento"
"Regular Price:","Preço Normal:"
"Related Products","Produtos Relacionados"
"Remove","Remover"
"Remove Product From Websites","Remover Produto de Sites"
"Remove This Item","Remover Este Item"
"Remove attribute from attribute set","Remover atributos de grupo de atributos"
"Remove attribute set","Remover grupo de atributos"
"Remove custom option","Remover opção personalizada"
"Remove group from attribute set","Remover grupo de Grupo de Atributos"
"Remove option","Remover opção"
"Remove product assignment","Remover associação do produto"
"Remove product image","Remover imagem do produto"
"Remove product link","Remover link do produto"
"Remove value from custom option","Remove valor de opção personalizada"
"Rename existing group","Renomear grupo existente"
"Rename group","Renomear grupo"
"Reorganize EAV category structure to flat structure","Reorganizar a estrutura de categorias de EAV para fixa"
"Reorganize EAV product structure to flat structure","Reorganizar a estrutura de produtos de EAV para fixa"
"Reset","Repor Valores"
"Results","Resultados"
"Results per page","Resultados por página"
"Retrieve attribute data","Obter dados do atributo"
"Retrieve attribute list","Obter lista de atributos"
"Retrieve attribute options","Obter opções de atributos"
"Retrieve categories tree","Obter árvore das categorias"
"Retrieve category attributes","Obter atributos da categoria"
"Retrieve category data","Obter dados da categoria"
"Retrieve hierarchical tree","Obter listagem hierárquica"
"Retrieve linked products","Obter produtos ligados"
"Retrieve list of assigned products","Obter lista de produtos associados"
"Retrieve list of option values","Obter lista de valores de opções"
"Retrieve list of product custom options","Obter lista de opções personalizadas do produto"
"Retrieve one level of categories by website/store view/parent category","Obter um nível de categorias por sítio/vista de loja/categoria superior"
"Retrieve option value info","Obter informação do valor da opção"
"Retrieve product","Obter produto"
"Retrieve product attribute sets","Obter grupo de atributos do produto"
"Retrieve product image","Obter imagem do produto"
"Retrieve product image list","Obter lista de imagens do produto"
"Retrieve product image types","Obter lista de tipos de imagem"
"Retrieve product link type attributes","Obter atributos do tipo de link do produto"
"Retrieve product link types","Obter tipos de link do produto"
"Retrieve product tier prices","Obter descontos em quantidade do produto"
"Retrieve product types","Obter tipos de produto"
"Retrieve products data","Obter dados de produtos"
"Retrieve products list by filters","Obter tipos de produtos através de filtros"
"Reviews","Análises"
"Roll Over for preview","Passe o rato por cima para ver"
"Root","Principal"
"SKU","SKU"
"SKU length should be %s characters maximum.","O comprimento do SKU deve ser no máximo de %s"
"Save","Guardar"
"Save Attribute","Guardar Atributo"
"Save Attribute Set","Guardar Grupo de Atributos"
"Save Category","Guardar Categoria"
"Save Search","Guardar pesquisa "
"Save and Continue Edit","Guardar e Continuar Edição"
"Saved %d record(s)","%d registo(s) gravado(s)"
"Scope","Âmbito"
"Scope must not be changed, because the attribute is used in configurable products.","O âmbito atual não pode ser alterado porque o atributo é utilizado em produtos conflagráveis."
"Search","Pesquisa"
"Search Engine Optimizations","Otimizações Motores de Busca"
"Search Information","Informação de Pesquisa "
"Search Query","Texto a pesquisar"
"Search Term with such search query already exists.","Já existe um termo de pesquisa com a consulta especificada."
"Searchable","Pesquisável"
"See price before order confirmation.","Mostrar preço antes de confirmação encomenda."
"Select Category...","Selecione a Categoria..."
"Select Configurable Attributes ","Selecione os Atributos Configuráveis "
"Select Product...","Selecione o Produto..."
"Select type of option","Selecione o tipo de opção"
"Select type options required values rows.","Selecione o tipo de opções obrigatórios nos valores da linha."
"Selected Product Types","Tipos de Produtos Selecionados"
"Send Count","Nº Envios"
"Set Ascending Direction","Definir direção ascendente"
"Set Descending Direction","Definir direção descendente"
"Set Name","Definir Nome"
"Set Root Category for Store","Definir Categoria-Principal para a Loja"
"Set root category for this store in the <a href=""%s"">configuration</a>","Defina a categoria principal para esta loja na <a href=""%s"">configuração</a>"
"Set special price","Preço especial"
"Set/Get current store view","Definir/Obter vista atual de loja"
"Settings","Definições"
"Share Facebook","Partilhar Facebook"
"Share on Facebook","Partilhar no Facebook"
"Share on Twitter","Partilhar no Twitter"
"Shop By","Opções Compra"
"Shopping Options","Filtre os  Produtos"
"Show","Mostrar"
"Show Details","Mostrar Detalhes"
"Show Tags","Mostrar Etiquetas"
"Simple Product","Produto Simples"
"Site Map","Mapa do Sítio"
"Sitemap","Mapa do Site"
"Skip import row, is not valid value ""%s"" for field ""%s""","Ignorar importação da Linha, ""%s"" não é um valor válido para o campo ""%s"""
"Skip import row, required field ""%s"" for the new customer is not defined.","A ignorar linha a importar, campo obrigatório ""%s"" para novo cliente não está definido."
"Skip import row, the value ""%s"" is invalid for field ""%s""","A ignorar linha a importar, o valor ""%s"" não é válido para o campo ""%s""."
"Skipping import row, required field ""%s"" for new products is not defined.","A ignorar linha a importar, campo obrigatório ""%s"" para novos produtos não está definido."
"Skipping import row, required field ""%s"" is not defined.","A ignorar linha a importar, campo obrigatório ""%s"" não definido."
"Skipping import row, store ""%s"" field does not exist.","A ignorar linha a importar, loja ""%s"" não existe."
"Skipping import row, the value ""%s"" is not valid for the ""%s"" field.","A ignorar linha a importar,  o valor ""%s"" não é válido para o campo ""%s""."
"Small Image Width","Largura Imagem Pequena"
"Some of the processed products have no SKU value defined. Please fill it prior to performing operations on these products.","Alguns dos produtos processados não tem SKU definido. Por favor preencha-o antes de continuar."
"Some of the selected item options are not currently available.","Algumas das opções selecionadas não estão disponíveis."
"Sort By","Ordenar por"
"Sort Order","Ordenação"
"Source Model","Código do Modelo"
"Special Expires On: %s","Oferta Especial Termina Em: %s"
"Special Price:","Preço Especial:"
"Special Price: %s","Preço Especial: %s"
"Starting at:","A partir de:"
"Static","Estático"
"Static block and products","Bloco estático e produtos"
"Static block only","Apenas blocos estáticos"
"Status","Estado"
"Stock Availability","Disponibilidade inventário"
"Store","Loja"
"Store View","Vista de Loja"
"Stretch","Ajustar"
"Subscribe to RSS Feed","Subscrever para o feed RSS"
"Super product attributes configuration","Configuração de atributos de Super Produto"
"Synonym For","Sinónimo Para"
"System Properties","Propriedades do sistema"
"Tag Name","Nome da etiqueta"
"Tax","Imposto"
"Template","Template"
"Text","Texto"
"The Flat Catalog module has a limit of %2\$d filterable and/or sortable attributes. Currently there are %1\$d of them. Please reduce the number of filterable/sortable attributes in order to use this module","The Flat Catalog module has a limit of %2\$d filterable and/or sortable attributes. Currently there are %1\$d of them. Please reduce the number of filterable/sortable attributes in order to use this module"
"The From Date value should be less than or equal to the To Date value.","O valor do campo Data De, deve ser menor ou igual que o valor do campo Data Até."
"The attribute code \'%s\' is reserved by system. Please try another attribute code","O código do atributo %s está reservado pelo sistema. Por favor tente um outro."
"The attribute model is not defined","O modelo do atributo não está definido."
"The attribute set has been saved.","O conjunto de atributos foi guardado."
"The base directory to upload file is not specified.","O diretório base para carregamento de ficheiros não está definido."
"The category has been deleted.","A categoria foi eliminada."
"The category has been saved.","A categoria foi gravada."
"The comparison list was cleared.","A lista de comparativos foi limpa."
"The file '%s' for '%s' has an invalid extension","O ficheiro '%s' para '%s' tem uma extensão inválida."
"The file '%s' you uploaded is larger than %s Megabytes allowed by server","O ficheiro '%s' que carregou é maior que os %s MB permitidos pelo servidor."
"The file you uploaded is larger than %s Megabytes allowed by server","O ficheiro que carregou é maior que os %s MB permitidos pelo servidor."
"The filters must be an array.","Os filtros tem de ser um array."
"The image contents is not valid base64 data.","O conteúdo da imagem não são válidos para base64"
"The image is not specified.","A imagem não está especificada."
"The model collection resource name is not defined.","O nome do recurso da coleção não está definido."
"The product %s has been added to comparison list.","O produto %s foi adicionado à lista de comparação."
"The product %s has been removed from comparison list.","O produto %s foi removido da lista de comparação."
"The product attribute has been deleted.","O atributo do produto foi removido."
"The product attribute has been saved.","O atributo do produto foi guardado."
"The product has been created.","O produto foi criado."
"The product has been deleted.","O produto foi removido."
"The product has been duplicated.","O produto foi duplicado."
"The product has been saved.","O produto foi guardado."
"The product has required options","O produtos tem opções obrigatórias"
"The review has been deleted","A análise foi removida"
"The review has been saved.","A análise foi guardada"
"The review was removed by another user or does not exist.","A análise foi removida por outro utilizador ou não existe."
"The search was deleted.","A pesquisa foi removida."
"The text is too long","O texto é demasiado comprido"
"There are no %s available.","Não está disponível %s."
"There are no customers for this alert","Não existem clientes para este alerta"
"There are no customers for this alert.","Não existem clientes para este alerta."
"There are no products matching the selection.","Não existem produtos que correspondam à seleção"
"There was an error while request processing.","Ocorreu um erro ao processar o pedido."
"This Attribute no longer exists","Este atributo já não existe"
"This attribute cannot be deleted.","Este atributo não pode ser removido."
"This attribute cannot be edited.","Este atributo não pode ser editado."
"This attribute cannot be updated.","Este atributo não pode ser atualizado."
"This attribute is used in configurable products.","Este atributo é utilizado em produtos configuráveis."
"This attribute is used in configurable products. You cannot remove it from the attribute set.","Este atributo é utilizado em produtos configuráveis. Não o pode remover deste grupo de atributos."
"This attribute no longer exists","Este atributo já não existe"
"This attribute set no longer exists.","O grupo de atributos já não existe."
"This group contains attributes, used in configurable products. Please move these attributes to another group and try again.","Este grupo contém atributos utilizador em produtos configuráveis. Por favor mova esses atributos para outro grupo e tente novamente."
"This group contains system attributes. Please move system attributes to another group and try again.","Este grupo contém atributos de sistema. Por favor mova os atributos de sistema para outro grupo e tente novamente."
"This is a required option","Esta opção é obrigatória"
"This product no longer exists.","Este produto já não está disponível."
"This search no longer exists.","Esta pesquisa já não está disponível."
"This setting will be applied when all prices in the specific price interval are equal.","Esta opção será aplicada quando todos os preços no intervalo especificado forem iguais."
"Tier Pricing","Preços de quantidade"
"Tile","Cobertura"
"Time Format","Formato da Hora"
"Title","Título"
"To reindex the enabled product(s), the store or product must be specified","Para re-indexar os produtos ativos, a loja ou produto tem que ser especificado."
"To see product price, add this item to your cart. You can always remove it later.","Para ver o preço deste produto, por favor adicione-o ao carrinho. Pode sempre remove-lo depois."
"Top/Left","Superior/Esquerdo"
"Top/Right","Superior/Direito"
"Total Qty Base Items","Qt. total itens base"
"Total incl. Tax: %1$s","Total Inc. Imposto: %1$s"
"Total of %d record(s) have been deleted.","Um total de %d registos foram removidos"
"Total of %d record(s) have been updated.","Um total de %d registos foram atualizados"
"Total of %d record(s) were updated","Um total de %d registo(s) foram atualizados"
"Type","Tipo"
"URL Rewrite Management","Gestão de Rescritas de URL"
"Unable to complete this request.","Não foi possível terminar o pedido."
"Unable to find a search term to delete.","Não foi possível encontrar o termo de pesquisa a remover."
"Unable to find an attribute to delete.","Não foi possível encontrar o atributo a remover."
"Unable to get the product ID.","Não foi possível obter o ID do produto."
"Unassigned Attributes","Atributos por atribuir"
"Unknown EAV indexer type ""%s"".","Tipo de indexante EAV desconhecido ""%s""."
"Unknown attribute: %s.","Atributo desconhecido: %s"
"Unsupported product type ""%s"".","Tipo de produto não suportado ""%s""."
"Up-sells","Vendas Superiores"
"Update","Atualizar"
"Update Attributes","Atualizar atributos"
"Update Tier Price","Atualizar Preços de desconto por quantidade"
"Update assigned product","Atualizar produto associado"
"Update attribute","Atualizar atributo"
"Update attributes","Atualizar atributos"
"Update category","Atualizar categoria"
"Update custom option of product","Atualizar opção personalizada de produto"
"Update product","Atualizar produto"
"Update product image","Atualizar imagem do produto"
"Update product link","Atualizar link do produto"
"Update product tier prices","Atualizar descontos por quantidade do produto"
"Update value of custom option","Atualizar valor de opção personalizada"
"Upload new product image ","Carregar nova imagem do produto "
"Use Canonical Link Meta Tag For Categories","Utilizar na forma Canónica as Ligações de Meta Tags para Categorias"
"Use Canonical Link Meta Tag For Products","Utilizar na forma Canónica as Ligações de Meta Tags para Produtos"
"Use Categories Path for Product URLs","Usar o caminho das categorias na Url dos produtos"
"Use Config Settings","Utilizar definições de configuração"
"Use Default Value","Utilizar Valor por Omissão"
"Use Flat Catalog Category","Usar catálogo fixo de categorias"
"Use Flat Catalog Product","Usar catálogo fixo de produtos"
"Use In Layered Navigation","Usar na Navegação por Atributos"
"Use In Search Results Layered Navigation","Utilizar na Navegação por Atributos dos Resultados de Pesquisa"
"Use JavaScript Calendar","Utilizar calendário em JavaScript"
"Use Static URLs for Media Content in WYSIWYG for Catalog","Utilizar URL's estáticas para conteúdo média no WYSIWYG para o Catálogo"
"Use To Create Configurable Product","Utilize Para Criar Produto Configurável"
"Use Tree Like Category Sitemap","Usar mapa do site em forma árvore"
"Use config","Utilizar Configuração"
"Use default","Utilizar por omissão"
"Use for Promo Rule Conditions","Utilizar em Promoções"
"Use four-digit year format.","Utilize o ano num formato de 4 dígitos"
"Use in Advanced Search","Utilizar na pesquisa avançada"
"Use in Layered Navigation","Usar na Navegação por Atributos"
"Use in Layered Navigation<br/>(Can be used only with catalog input type 'Dropdown')","Utilizar na Navegação por Atributos<br>(Apenas pode ser utilizado com o tipo de entrada ""Menu de Selecção"")"
"Use in Quick Search","Uilizar na Pesquisa Simples"
"Used for Sorting in Product Listing","Utilizado para definir ordem de listagem dos produtos"
"Used in Product Listing","Utilizado na Listagem de Produtos"
"Value for ""%s"" is invalid.","O valor para ""%s"" é inválido."
"Value for ""%s"" is invalid: %s","O valor para ""%s"" é inválido: %s"
"Varchar","Varchar"
"View Details","Ver Detalhes"
"View as","Ver como"
"Virtual Product","Produto Virtual"
"Visibility","Visibilidade"
"Visible","Visível"
"Visible on Catalog Pages on Front-end","Visível nas páginas do catálogo e na Interface de Utilizador"
"Visible on Product View Page on Front-end","Visível na página de exibição do produto na loja"
"WYSIWYG Editor","Editor WYSIWYG"
"Watermark","Marca de água"
"Watermark Default Size","Tamanho por omissão da marca de água"
"Watermark Opacity, Percent","Percentagem de Opacidade na Marca de Água"
"Watermark Position","Posição da marca de água"
"We Also Recommend","Também Recomendamos"
"Website","Site"
"Websites","Sites"
"What's this?","O que é isto?"
"Whether to show ""All"" option in the ""Show X Per Page"" dropdown.","Se se deve mostrar opção ""Todos"" no menu de seleção ""Mostrar X por Página"""
"Will make search for the query above return results for this search.","Fará com que uma pesquisa pelos termos acima retorne uma pesquisa por estes"
"Wrong BuyRequest instance in options group.","Instância errada de BuyRequest nas opções do grupo."
"Wrong configuration item instance in options group.","As opções do grupo contém uma instância de configuração errada"
"Wrong configuration item option instance in options group.","Uma opção do grupo contém uma instância de configuração errada"
"Wrong option instance type in options group.","Tipo de instância de opção errada nas opções grupo"
"Wrong option type to get group instance.","Tipo de opção incorreta para obter o grupo de instância."
"Wrong product instance type in options group.","Tipo de instância de produto errada nas opções grupo"
"Wrong product type filter specified","Tipo de filtro de produto especificado inválido."
"Wrong product type to extract configurable options.","Tipo de produto errado para obter opções configuráveis."
"Year Range","Intervalo Ano"
"Yes","Sim"
"You cannot remove system attribute from this set.","Não pode remover atributos de sistema deste grupo."
"You have no items to compare.","Não existem itens para comparar"
"You may also be interested in the following product(s)","Também pode estar interessado nos seguintes produtos"
"Zoom In","Aumentar"
"Zoom Out","Diminuir"
"and","e"
"and above","e superiores"
"categories","categorias"
"each","cada"
"ex. http://domain.com","ex: http://omeusite.com"
"leave blank if its not an image","deixe em branco se não for uma imagem"
"per page","por página"
"products","produtos"
"px.","px."
"save","guardar"
"select all","Selecionar tudo"
"unselect all","Desmarcar todos"
"x","x"